{
  "per_fold": [
    {
      "fold": 1,
      "train_means": [
        2.220446049250313e-18,
        -0.012288625036059138,
        0.009321345886225699,
        0.008911092157742346,
        0.008401237664725189,
        0.009321345886225699,
        -0.017767047338507,
        -0.004412100701145447
      ],
      "train_stds": [
        1.0026297437287708,
        0.990857590123054,
        1.0034906352123143,
        1.006368022087242,
        1.008427122320183,
        1.0034906352123143,
        1.0162718495279852,
        1.010885559308237
      ],
      "val_means": [
        -4.440892098500626e-18,
        0.04915450014423673,
        -0.0372853835449026,
        -0.03564436863096752,
        -0.0336049506588988,
        -0.0372853835449026,
        0.07106818935402708,
        0.017648402804582023
      ],
      "val_stds": [
        0.989411092139257,
        1.0343039490377808,
        0.9850321813217873,
        0.9732961824532,
        0.9648249959346267,
        0.9850321813217873,
        0.9286833432343649,
        0.9550142304249923
      ]
    },
    {
      "fold": 2,
      "train_means": [
        -0.016726580529657576,
        0.0015856290369109004,
        0.016151642440787595,
        -0.02462614096300135,
        -0.01596235156297673,
        0.016151642440787595,
        0.036499641522927215,
        -0.010604522737840875
      ],
      "train_stds": [
        0.9986975446667266,
        1.0075219035418213,
        1.0013771057201732,
        0.9921332856347006,
        0.9995139263764762,
        1.0013771057201732,
        0.9920391892680425,
        0.9959264120789201
      ],
      "val_means": [
        0.06690632211863028,
        -0.006342516147643415,
        -0.0646065697631502,
        0.09850456385200729,
        0.06384940625190884,
        -0.0646065697631502,
        -0.1459985660917098,
        0.04241809095136374
      ],
      "val_stds": [
        1.0024057105129562,
        0.9693028896395359,
        0.9918457669137286,
        1.024966941581132,
        0.9993956390537321,
        0.9918457669137286,
        1.0182281233570576,
        1.015023732669527
      ]
    },
    {
      "fold": 3,
      "train_means": [
        0.010823081519190194,
        0.006540719777257334,
        -0.01237489022826505,
        -0.02872781695618584,
        -0.027724084293591456,
        -0.01237489022826505,
        -0.002408294544393892,
        0.019583534691049353
      ],
      "train_stds": [
        1.0115690486618676,
        1.0040138822190174,
        0.9941980575332359,
        0.9920408254544743,
        0.998290123313857,
        0.9941980575332359,
        0.9943680206141543,
        1.000188111722392
      ],
      "val_means": [
        -0.04329232607676077,
        -0.026162879109029164,
        0.04949956091306044,
        0.11491126782474521,
        0.11089633717436768,
        0.04949956091306044,
        0.009633178177574584,
        -0.07833413876419718
      ],
      "val_stds": [
        0.9510885229948658,
        0.9833457162465524,
        1.0213804870285887,
        1.0231882753193848,
        0.9991470134908833,
        1.0213804870285887,
        1.022160926988976,
        0.9954017465801245
      ]
    },
    {
      "fold": 4,
      "train_means": [
        -0.021646163038380378,
        0.004558683481118767,
        -0.030856869140609033,
        0.02909777204576794,
        0.015962351562977487,
        -0.030856869140609033,
        0.0004690400484104473,
        -0.010991549115134346
      ],
      "train_stds": [
        1.0044028614227174,
        1.0040138822190174,
        1.0127460863257474,
        1.0111214070325627,
        1.0141344831621681,
        1.0127460863257474,
        1.0001784967427967,
        1.0012781540038433
      ],
      "val_means": [
        0.08658465215352155,
        -0.018234733924474864,
        0.12342747656243633,
        -0.11639108818306983,
        -0.06384940625190808,
        0.12342747656243633,
        -0.0018761601936427396,
        0.04396619646053763
      ],
      "val_stds": [
        0.9774090042885974,
        0.9835694109024116,
        0.9371971505087614,
        0.9453043889496189,
        0.9386314504038867,
        0.9371971505087614,
        0.9992834926273909,
        0.9936558354166222
      ]
    },
    {
      "fold": 5,
      "train_means": [
        0.027549662048847772,
        -0.0003964072592276757,
        0.017758771041861,
        0.015345093715678795,
        0.019322846628867428,
        0.017758771041861,
        -0.016793339688437735,
        0.0064246378630715565
      ],
      "train_stds": [
        0.9816390510089831,
        0.9933759484942354,
        0.9871157838846563,
        0.9968902386951075,
        0.978403031022042,
        0.9871157838846563,
        0.9959864763643824,
        0.9912765551236001
      ],
      "val_means": [
        -0.11019864819539105,
        0.0015856290369109004,
        -0.07103508416744374,
        -0.06138037486271326,
        -0.07729138651546776,
        -0.07103508416744374,
        0.06717335875374998,
        -0.025698551452286004
      ],
      "val_stds": [
        1.063183586142722,
        1.02606709222982,
        1.0469489986155982,
        1.010014833317207,
        1.0786299274082698,
        1.0469489986155982,
        1.0131157043669192,
        1.033758973191339
      ]
    }
  ]
}