{
  "per_fold": [
    {
      "fold": 1,
      "train_means": [
        0.022421955572493265,
        0.0025227473776111087,
        -0.02034909498947522,
        -0.006216852364637547,
        0.0028913741465085,
        0.002052940839622083,
        0.03435509205568071
      ],
      "train_stds": [
        0.9985117291377048,
        0.996843725022717,
        0.9932648877930828,
        0.9987784889339665,
        0.9959778600621257,
        0.9989249555721913,
        1.006915714782917
      ],
      "val_means": [
        -0.0889871361783327,
        -0.010012153654894329,
        0.08076047073948071,
        0.024673132822155375,
        -0.011475141143955814,
        -0.008147608957251326,
        -0.1363467715959822
      ],
      "val_stds": [
        1.0009447066604549,
        1.012367431726217,
        1.0223083004179092,
        1.0044538827535985,
        1.0157246861849825,
        1.0042138558517946,
        0.9600218854941556
      ]
    },
    {
      "fold": 2,
      "train_means": [
        -0.03289842102102033,
        -0.0322679983452612,
        -0.058940861078141685,
        -0.046960632109224694,
        0.0028913741465084954,
        -0.005084282119505029,
        -0.008800164874791344
      ],
      "train_stds": [
        0.9949359097009016,
        0.9954057809112971,
        0.97706529491373,
        0.978296688524365,
        1.0308997780396303,
        1.0146266577817191,
        0.9944440696167559
      ],
      "val_means": [
        0.13056560842717443,
        0.1280636184327551,
        0.23392154240387572,
        0.18637500868348544,
        -0.011475141143955814,
        0.02017824466178439,
        0.03492565434682877
      ],
      "val_stds": [
        1.0093322446435957,
        1.0078939040051942,
        1.0542532071076873,
        1.0615614068794221,
        0.866474910958074,
        0.9394371078114422,
        1.0210046544132705
      ]
    },
    {
      "fold": 3,
      "train_means": [
        0.012338349988257724,
        -0.0037185859711949027,
        0.060555695859295475,
        0.035936682563463614,
        0.0008396621287445931,
        -0.02813848727696268,
        0.01468060520699188
      ],
      "train_stds": [
        1.0180107564308778,
        0.9917944266718612,
        1.0098281932800337,
        1.0244392179956492,
        0.9905875706280455,
        0.9828245962535971,
        1.0013569872941261
      ],
      "val_means": [
        -0.0496131546896258,
        0.014952629905225544,
        -0.2434976401921135,
        -0.1445032919920325,
        -0.00337632561242584,
        0.11314633831368034,
        -0.05903148620074568
      ],
      "val_stds": [
        0.9223760265428079,
        1.0322015690404795,
        0.920073883775133,
        0.8803302349112857,
        1.0369788992471791,
        1.0587513191494982,
        0.9923347191627222
      ]
    },
    {
      "fold": 4,
      "train_means": [
        -0.006053502962988972,
        0.01873414198146261,
        0.019831117716668345,
        0.021802031907704265,
        0.0008396621287445838,
        0.0021887861907208092,
        -0.023395262340503774
      ],
      "train_stds": [
        0.9905095927786098,
        1.0073890877861291,
        1.002911881289359,
        0.9967685089199294,
        1.0090498085466355,
        1.0004675450540363,
        1.0057237296000614
      ],
      "val_means": [
        0.024341454019597638,
        -0.07533097091493408,
        -0.07974196808176034,
        -0.0876671177762424,
        -0.0033763256124258387,
        -0.008801224472162746,
        0.0940735812007631
      ],
      "val_stds": [
        1.0369285175667666,
        0.9660592837518736,
        0.9841788907607113,
        1.0081414031901985,
        0.962744460830557,
        0.9980693106740938,
        0.9709720302280891
      ]
    },
    {
      "fold": 5,
      "train_means": [
        0.004164193121036965,
        0.014651827808252143,
        -0.0013044228383659532,
        -0.0047004380718444864,
        -0.007446934465969697,
        0.028973106917746974,
        -0.016773372332243665
      ],
      "train_stds": [
        0.9968953189914195,
        1.007628933472945,
        1.0124669381542781,
        0.9991036722769144,
        0.9725729704118896,
        1.0021016439010257,
        0.990310237180389
      ],
      "val_means": [
        -0.01674443970774871,
        -0.05891577076581415,
        0.005245152886903976,
        0.018900708878364172,
        0.02994451543158322,
        -0.11650238781662589,
        0.06744661295702246
      ],
      "val_stds": [
        1.0122150120611568,
        0.9664775817943168,
        0.9481984183981814,
        1.003373801325906,
        1.1029172908037979,
        0.9829203199632818,
        1.035310661294184
      ]
    }
  ]
}